agd5f=Alex Deucher <agd5f@yahoo.com>
ago=Alexander Gottwald <alexander.gottwald@s1999.tu-chemnitz.de>
airlied=Dave Airlie <airlied@linux.ie>
ajax=Adam Jackson <ajax@nwnk.net>
alanc=Alan Coopersmith <Alan.Coopersmith@sun.com>
alanh=Alan Hourihane <alanh@fairlite.demon.co.uk>
amirbukhari=Amir Bukhari <ufz6@rz.uni-karlsruhe.de>
andersca=Anders Carlsson <andersca@gnome.org>
anderson=Stuart R. Anderson <anderson@netsweng.com>
anholt=Eric Anholt <anholt@freebsd.org>
aplattner=Aaron Plattner <aplattner@nvidia.com>
bart=Bart Massey <bart@cs.pdx.edu>
benh=Benjamin Herrenschmidt <benh@kernel.crashing.org>
bogdand=Bogdan Diaconescu <b_diaconescu@yahoo.com>
brianp=Brian Paul <brian.paul@tungstengraphics.com>
busterb=Brent Cook <busterbcook@yahoo.com>
caillon=Chris Aillon <caillon@redhat.com>
clee=Chris Lee <clee@c133.org>
cworth=Carl Worth <cworth@cworth.org>
daenzer=Michel Daenzer <michel@daenzer.net>
damienc=Damien Ciabrini <braun@club-internet.fr>
daniel=Daniel Stone <daniel@fooishbar.org>
daniels=Daniel Stone <daniel@fooishbar.org>
davidr=David Reveman <c99drn@cs.umu.se>
dawes=David Dawes <dawes@xfree86.org>
deronj=Deron Johnson <deron.johnson@sun.com>
dickey=Thomas Dickey <dickey@his.com>
earle=Earle F. Philhower III <earle@ziplabel.com>
eich=Egbert Eich <eich@suse.de>
ewalsh=Eamon Walsh <ewalsh@epoch.ncsc.mil>
faith=Rik Faith <faith@alephnull.com>
fcatrin=Franco Catrin L. <fcatrin@tuxpan.com>
fredrik=Fredrik Höglund <fredrik@kde.org>
fxkuehl=Felix Kuehling <fxkuehl@gmx.de>
gisburn=Roland Mainz <roland.mainz@nrubsig.org>
harold=Harold L Hunt II <huntharo@msu.edu>
herrb=Matthieu Herrb <matthieu.herrb@laas.fr>
hohndel=Dirk Hohndel <dirk.hohndel@intel.com>
hyu=Hui YU <hyu@ati.com>
idr=Ian Romanick <idr@us.ibm.com>
jamey=Jamey Sharp <jamey@minilop.net>
jaymz=Jaymz Julian <jaymz@artificial-stupidity.net>
jbarnes=Jesse Barnes <jbarnes@virtuousgeek.org>
jg=Jim Gettys <jg@freedesktop.org>
jhobson=Jay Hobson <Jay.Hobson@sun.com>
jkj=Kean Johnson <kean@armory.com>
jonsmirl=Jon Smirl <jonsmirl@yahoo.com>
josh=Josh Triplett <josh@speakeasy.net>
kaleb=Kaleb Keithley <kaleb@freedesktop.org>
keithp=Keith Packard <keithp@keithp.com>
kem=Kevin E Martin <kem@kem.org>
kidcrash=Carlos Romero <kcrashcore@bellsouth.net>
krh=Kristian Høgsberg <krh@redhat.com>
kuhn=Markus Kuhn <Markus.Kuhn@cl.cam.ac.uk>
lars=Lars Knoll <lars@trolltech.com>
libv=Luc Verhaegen <libv@skynet.be>
mallum=Matthew Allum <breakfast@10.am>
mharris=Mike A. Harris <mharris@redhat.com>
mhopf=Matthias Hopf <mhopf@suse.de>
pb=Phil Blundell <pb@reciva.com>
ralpht=Ralph Thomas <ralpht@68k.org>
reed=Jeremy C. Reed <reed@reedmedia.net>
robin=Robin Cutshaw <robin@intercore.com>
sandmann=Søren Sandmann Pedersen <sandmann@daimi.au.dk>
sk=Seth W. Klein <sk@sethwklein.net>
spyderous=Donnie Berkholz <spyderous@gentoo.org>
sroland=Roland Scheidegger <rscheidegger_lists@hispeed.ch>
stukreit=Stuart Kreitman <stuart.kreitman@sun.com>
takuma=Takuma Murakami <takuma@dgp.ne.jp>
torrey=Torrey Lyons <torrey@mrcla.com>
tsi=Marc Aurele La France <tsi@ualberta.edu>
twini=Thomas Winischhofer <thomas@winischhofer.net>
unichrome=Thomas Hellstrom <unichrome@shipmail.org>
volodya=Vladimir Dergachev <volodya@mindspring.com>
warp=Zephaniah E. Hull <warp@aehallh.com>
wt=Warren Turkal <wt@penguintechs.com>
zack=Zack Rusin <zack@kde.org>
zakki=Kensuke Matsuzaki <zakki@peppermint.jp>
